,Instar,N,Abandonments,sdU,sdL,se,ci,Sig
1,1,77,0.012987013,0.113960576,0.012987013,0.012987013,0.025865878,a
2,2,77,0.038961039,0.194771015,0.038961039,0.022196217,0.044207598,a
3,3,77,0.233766234,0.426000491,0.233766234,0.048547262,0.096690251,a
4,4,77,0.688311688,0.693195124,0.688311688,0.078996916,0.157335994,b
5,5,77,1.948051948,0.872022813,0.872022813,0.099376222,0.1979249,c
